{
  "config": {
    "map-name": "dm_dunes",
    "gamemode": "deathmatch",
    "ground-colour": "#dabb7f",
    "ground-image": "/assets/environment/dm_dunes-backing.svg",
    "background-colour": "#caa975",
    "map-dimensions": {
      "width": 7915,
      "height": 7929
    },
    "spawns": {
      "blue": [
        {
          "x": 435,
          "y": 1715,
          "team": "blue"
        },
        {
          "x": 6815,
          "y": 1265,
          "team": "blue"
        },
        {
          "x": 3475,
          "y": 985,
          "team": "blue"
        }
      ],
      "red": [
        {
          "x": 985,
          "y": 3400,
          "team": "red"
        },
        {
          "x": 3815,
          "y": 6980,
          "team": "red"
        },
        {
          "x": 6300,
          "y": 7000,
          "team": "red"
        }
      ]
    },
    "loadouts": {
      "assault": ["SCAR-L", "T509", "Bayonet"],
      "breach": ["SLP", "T509", "Bayonet"],
      "scout": ["Ballista", "T509", "Bayonet"]
    },
    "point": {
      "position": {
        "x": -2500,
        "y": -5000
      }
    }
  },
  "obstacles": [
    {
      "body-data": {
        "position": {
          "x": 999,
          "y": 414
        },
        "type": "rectangle",
        "dimensions": {
          "width": 1998,
          "height": 828
        },
        "options": {
          "isStatic": true,
          "friction": 1,
          "restitution": 0,
          "density": 1,
          "angle": 0,
          "chamfer": { "radius": 5 },
          "tag": "#c9a074"
        }
      },
      "display-data": {
        "src": "/assets/environment/building4.svg",
        "dimensions": {
          "width": 2170,
          "height": 1000
        },
        "offset": {
          "x": 0,
          "y": 0,
          "angle": 180
        },
        "layer": 1
      }
    },
    {
      "body-data": {
        "position": {
          "x": 2424,
          "y": 895
        },
        "type": "rectangle",
        "dimensions": {
          "width": 910,
          "height": 1790
        },
        "options": {
          "isStatic": true,
          "friction": 1,
          "restitution": 0,
          "chamfer": { "radius": 10 },
          "density": 1,
          "angle": 0,
          "tag": "#e0574a"
        }
      },
      "display-data": {
        "src": "/assets/environment/container-red.svg",
        "dimensions": {
          "width": 1000,
          "height": 1880
        },
        "offset": {
          "x": 0,
          "y": 0,
          "angle": 0
        },
        "layer": 1
      }
    },
    {
      "body-data": {
        "position": {
          "x": 5060,
          "y": 390
        },
        "type": "rectangle",
        "dimensions": {
          "width": 4415,
          "height": 780
        },
        "options": {
          "isStatic": true,
          "friction": 1,
          "restitution": 0,
          "density": 1,
          "angle": 0,
          "chamfer": { "radius": 10 },
          "tag": "#c9a074"
        }
      },
      "display-data": {
        "src": "/assets/environment/building5.svg",
        "dimensions": {
          "width": 4700,
          "height": 1000
        },
        "offset": {
          "x": 0,
          "y": 0,
          "angle": 0
        },
        "layer": 1
      }
    },
    {
      "body-data": {
        "position": {
          "x": 7170,
          "y": 1165
        },
        "type": "rectangle",
        "dimensions": {
          "width": 190,
          "height": 830
        },
        "options": {
          "isStatic": true,
          "friction": 1,
          "restitution": 0,
          "density": 1,
          "angle": 0,
          "chamfer": { "radius": 5 },
          "tag": "#d6c19e"
        }
      },
      "display-data": {
        "src": "/assets/environment/wall.svg",
        "dimensions": {
          "width": 850,
          "height": 210
        },
        "offset": {
          "x": 0,
          "y": 0,
          "angle": 90
        },
        "layer": 1
      }
    },
    {
      "body-data": {
        "position": {
          "x": 7115, 
          "y": 1765
        },
        "type": "rectangle",
        "dimensions": {
          "width": 430,
          "height": 430
        },
        "options": {
          "isStatic": true,
          "friction": 1,
          "restitution": 0,
          "density": 1,
          "angle": 0,
          "chamfer": { "radius": 10 },
          "tag": "#9a7742"
        }
      },
      "display-data": {
        "src": "/assets/environment/crate2.svg",
        "dimensions": {
          "width": 450,
          "height": 450
        },
        "offset": {
          "x": 0,
          "y": 0,
          "angle": 90
        },
        "layer": 1
      }
    },
    {
      "body-data": {
        "position": {
          "x": 6820, 
          "y": 2165
        },
        "type": "rectangle",
        "dimensions": {
          "width": 430,
          "height": 430
        },
        "options": {
          "isStatic": true,
          "friction": 1,
          "restitution": 0,
          "density": 1,
          "angle": 0,
          "chamfer": { "radius": 10 },
          "tag": "#9a7742"
        }
      },
      "display-data": {
        "src": "/assets/environment/crate2.svg",
        "dimensions": {
          "width": 450,
          "height": 450
        },
        "offset": {
          "x": 0,
          "y": 0,
          "angle": 180
        },
        "layer": 1
      }
    },
    {
      "body-data": {
        "position": {
          "x": 7460,
          "y": 2845
        },
        "type": "rectangle",
        "dimensions": {
          "width": 910,
          "height": 1790
        },
        "options": {
          "isStatic": true,
          "friction": 1,
          "restitution": 0,
          "chamfer": { "radius": 10 },
          "density": 1,
          "angle": 0,
          "tag": "#e0c44a"
        }
      },
      "display-data": {
        "src": "/assets/environment/container-yellow.svg",
        "dimensions": {
          "width": 1000,
          "height": 1880
        },
        "offset": {
          "x": 0,
          "y": 0,
          "angle": 0
        },
        "layer": 1
      }
    },
    {
      "body-data": {
        "position": {
          "x": 7525,
          "y": 5075
        },
        "type": "rectangle",
        "dimensions": {
          "width": 780,
          "height": 2731
        },
        "options": {
          "isStatic": true,
          "friction": 1,
          "restitution": 0,
          "density": 1,
          "angle": 0,
          "chamfer": { "radius": 10 },
          "tag": "#c9a074"
        }
      },
      "display-data": {
        "src": "/assets/environment/building3.svg",
        "dimensions": {
          "width": 3000,
          "height": 1000
        },
        "offset": {
          "x": 0,
          "y": 0,
          "angle": 270
        },
        "layer": 1
      }
    },
    {
      "body-data": {
        "position": {
          "x": 5707.5,
          "y": 7539
        },
        "type": "rectangle",
        "dimensions": {
          "width": 4415,
          "height": 780
        },
        "options": {
          "isStatic": true,
          "friction": 1,
          "restitution": 0,
          "density": 1,
          "angle": 0,
          "chamfer": { "radius": 10 },
          "tag": "#c9a074"
        }
      },
      "display-data": {
        "src": "/assets/environment/building5.svg",
        "dimensions": {
          "width": 4700,
          "height": 1000
        },
        "offset": {
          "x": 0,
          "y": 0,
          "angle": 180
        },
        "layer": 1
      }
    },
    {
      "body-data": {
        "position": {
          "x": 3115,
          "y": 7445
        },
        "type": "rectangle",
        "dimensions": {
          "width": 830,
          "height": 190
        },
        "options": {
          "isStatic": true,
          "friction": 1,
          "restitution": 0,
          "density": 1,
          "angle": 0,
          "chamfer": { "radius": 5 },
          "tag": "#d6c19e"
        }
      },
      "display-data": {
        "src": "/assets/environment/wall.svg",
        "dimensions": {
          "width": 850,
          "height": 210
        },
        "offset": {
          "x": 0,
          "y": 0,
          "angle": 0
        },
        "layer": 1
      }
    },
    {
      "body-data": {
        "position": {
          "x": 1365.5,
          "y": 7538.8
        },
        "type": "rectangle",
        "dimensions": {
          "width": 2731,
          "height": 780
        },
        "options": {
          "isStatic": true,
          "friction": 1,
          "restitution": 0,
          "density": 1,
          "angle": 0,
          "chamfer": { "radius": 10 },
          "tag": "#c9a074"
        }
      },
      "display-data": {
        "src": "/assets/environment/building3.svg",
        "dimensions": {
          "width": 3000,
          "height": 1000
        },
        "offset": {
          "x": 0,
          "y": 0,
          "angle": 0
        },
        "layer": 1
      }
    },
    {
      "body-data": {
        "position": {
          "x": 95,
          "y": 6763.8
        },
        "type": "rectangle",
        "dimensions": {
          "width": 190,
          "height": 830
        },
        "options": {
          "isStatic": true,
          "friction": 1,
          "restitution": 0,
          "density": 1,
          "angle": 0,
          "chamfer": { "radius": 5 },
          "tag": "#d6c19e"
        }
      },
      "display-data": {
        "src": "/assets/environment/wall.svg",
        "dimensions": {
          "width": 850,
          "height": 210
        },
        "offset": {
          "x": 0,
          "y": 0,
          "angle": 90
        },
        "layer": 1
      }
    },
    {
      "body-data": {
        "position": {
          "x": 440,
          "y": 5938.8
        },
        "type": "rectangle",
        "dimensions": {
          "width": 880,
          "height": 880
        },
        "options": {
          "isStatic": true,
          "friction": 1,
          "restitution": 0,
          "density": 1,
          "angle": 0,
          "chamfer": { "radius": 10 },
          "tag": "#c9a074"
        }
      },
      "display-data": {
        "src": "/assets/environment/building1.svg",
        "dimensions": {
          "width": 1000,
          "height": 1000
        },
        "offset": {
          "x": 0,
          "y": 0,
          "angle": 0
        },
        "layer": 1
      }
    },
    {
      "body-data": {
        "position": {
          "x": 390,
          "y": 3764.15
        },
        "type": "rectangle",
        "dimensions": {
          "width": 780,
          "height": 2731
        },
        "options": {
          "isStatic": true,
          "friction": 1,
          "restitution": 0,
          "density": 1,
          "angle": 0,
          "chamfer": { "radius": 10 },
          "tag": "#c9a074"
        }
      },
      "display-data": {
        "src": "/assets/environment/building3.svg",
        "dimensions": {
          "width": 3000,
          "height": 1000
        },
        "offset": {
          "x": 0,
          "y": 0,
          "angle": 270
        },
        "layer": 1
      }
    },
    {
      "body-data": {
        "position": {
          "x": 1165,
          "y": 3095
        },
        "type": "rectangle",
        "dimensions": {
          "width": 830,
          "height": 190
        },
        "options": {
          "isStatic": true,
          "friction": 1,
          "restitution": 0,
          "density": 1,
          "angle": 0,
          "chamfer": { "radius": 5 },
          "tag": "#d6c19e"
        }
      },
      "display-data": {
        "src": "/assets/environment/wall.svg",
        "dimensions": {
          "width": 850,
          "height": 210
        },
        "offset": {
          "x": 0,
          "y": 0,
          "angle": 0
        },
        "layer": 1
      }
    },
    {
      "body-data": {
        "position": {
          "x": 1965,
          "y": 3095
        },
        "type": "rectangle",
        "dimensions": {
          "width": 830,
          "height": 190
        },
        "options": {
          "isStatic": true,
          "friction": 1,
          "restitution": 0,
          "density": 1,
          "angle": 0,
          "chamfer": { "radius": 5 },
          "tag": "#d6c19e"
        }
      },
      "display-data": {
        "src": "/assets/environment/wall.svg",
        "dimensions": {
          "width": 850,
          "height": 210
        },
        "offset": {
          "x": 0,
          "y": 0,
          "angle": 0
        },
        "layer": 1
      }
    },
    {
      "body-data": {
        "position": {
          "x": 95,
          "y": 2013.65
        },
        "type": "rectangle",
        "dimensions": {
          "width": 190,
          "height": 830
        },
        "options": {
          "isStatic": true,
          "friction": 1,
          "restitution": 0,
          "density": 1,
          "angle": 0,
          "chamfer": { "radius": 5 },
          "tag": "#d6c19e"
        }
      },
      "display-data": {
        "src": "/assets/environment/wall.svg",
        "dimensions": {
          "width": 850,
          "height": 210
        },
        "offset": {
          "x": 0,
          "y": 0,
          "angle": 90
        },
        "layer": 1
      }
    },
    {
      "body-data": {
        "position": {
          "x": 95,
          "y": 1213.65
        },
        "type": "rectangle",
        "dimensions": {
          "width": 190,
          "height": 830
        },
        "options": {
          "isStatic": true,
          "friction": 1,
          "restitution": 0,
          "density": 1,
          "angle": 0,
          "chamfer": { "radius": 5 },
          "tag": "#d6c19e"
        }
      },
      "display-data": {
        "src": "/assets/environment/wall.svg",
        "dimensions": {
          "width": 850,
          "height": 210
        },
        "offset": {
          "x": 0,
          "y": 0,
          "angle": 90
        },
        "layer": 1
      }
    },
    {
      "body-data": {
        "position": {
          "x": 5104,
          "y": 2135
        },
        "type": "rectangle",
        "dimensions": {
          "width": 880,
          "height": 880
        },
        "options": {
          "isStatic": true,
          "friction": 1,
          "restitution": 0,
          "density": 1,
          "angle": 0,
          "chamfer": { "radius": 10 },
          "tag": "#c9a074"
        }
      },
      "display-data": {
        "src": "/assets/environment/building1.svg",
        "dimensions": {
          "width": -1000,
          "height": 1000
        },
        "offset": {
          "x": 0,
          "y": 0,
          "angle": 0
        },
        "layer": 1
      }
    },
    {
      "body-data": {
        "position": {
          "x": 5545.42, 
          "y": 1693.58
        },
        "type": "rectangle",
        "dimensions": {
          "width": 430,
          "height": 430
        },
        "options": {
          "isStatic": true,
          "friction": 1,
          "restitution": 0,
          "density": 1,
          "angle": 0.785398,
          "chamfer": { "radius": 10 },
          "tag": "#9a7742"
        }
      },
      "display-data": {
        "src": "/assets/environment/crate2.svg",
        "dimensions": {
          "width": 450,
          "height": 450
        },
        "offset": {
          "x": 0,
          "y": 0,
          "angle": 45
        },
        "layer": 1
      }
    },
    {
      "body-data": {
        "position": {
          "x": 4239,
          "y": 2590
        },
        "type": "rectangle",
        "dimensions": {
          "width": 910,
          "height": 1790
        },
        "options": {
          "isStatic": true,
          "friction": 1,
          "restitution": 0,
          "chamfer": { "radius": 10 },
          "density": 1,
          "angle": 0,
          "tag": "#e0c44a"
        }
      },
      "display-data": {
        "src": "/assets/environment/container-yellow.svg",
        "dimensions": {
          "width": 1000,
          "height": 1880
        },
        "offset": {
          "x": 0,
          "y": 0,
          "angle": 0
        },
        "layer": 1
      }
    },
    {
      "body-data": {
        "position": {
          "x": 3400.35,
          "y": 4614
        },
        "type": "rectangle",
        "dimensions": {
          "width": 1998,
          "height": 828
        },
        "options": {
          "isStatic": true,
          "friction": 1,
          "restitution": 0,
          "density": 1,
          "angle": 0,
          "chamfer": { "radius": 5 },
          "tag": "#c9a074"
        }
      },
      "display-data": {
        "src": "/assets/environment/building4.svg",
        "dimensions": {
          "width": 2170,
          "height": 1000
        },
        "offset": {
          "x": 0,
          "y": 0,
          "angle": 0
        },
        "layer": 1
      }
    },
    {
      "body-data": {
        "position": {
          "x": 2795,
          "y": 5455
        },
        "type": "rectangle",
        "dimensions": {
          "width": 1790,
          "height": 910
        },
        "options": {
          "isStatic": true,
          "friction": 1,
          "restitution": 0,
          "chamfer": { "radius": 10 },
          "density": 1,
          "angle": 0,
          "tag": "#5c89d0"
        }
      },
      "display-data": {
        "src": "/assets/environment/container-blue.svg",
        "dimensions": {
          "width": 1000,
          "height": 1880
        },
        "offset": {
          "x": 0,
          "y": 0,
          "angle": 90
        },
        "layer": 1
      }
    },
    {
      "body-data": {
        "position": {
          "x": 5735.35,
          "y": 5199
        },
        "type": "rectangle",
        "dimensions": {
          "width": 828,
          "height": 1998
        },
        "options": {
          "isStatic": true,
          "friction": 1,
          "restitution": 0,
          "density": 1,
          "angle": 0,
          "chamfer": { "radius": 5 },
          "tag": "#c9a074"
        }
      },
      "display-data": {
        "src": "/assets/environment/building4.svg",
        "dimensions": {
          "width": 2170,
          "height": 1000
        },
        "offset": {
          "x": 0,
          "y": 0,
          "angle": 270
        },
        "layer": 1
      }
    },
    {
      "body-data": {
        "position": {
          "x": 665, 
          "y": 5313.8
        },
        "type": "rectangle",
        "dimensions": {
          "width": 430,
          "height": 430
        },
        "options": {
          "isStatic": true,
          "friction": 1,
          "restitution": 0,
          "density": 1,
          "angle": 0,
          "chamfer": { "radius": 10 },
          "tag": "#9a7742"
        }
      },
      "display-data": {
        "src": "/assets/environment/crate2.svg",
        "dimensions": {
          "width": 450,
          "height": 450
        },
        "offset": {
          "x": 0,
          "y": 0,
          "angle": 90
        },
        "layer": 1
      }
    },
    {
      "body-data": {
        "position": {
          "x": 4215, 
          "y": 6964
        },
        "type": "rectangle",
        "dimensions": {
          "width": 430,
          "height": 430
        },
        "options": {
          "isStatic": true,
          "friction": 1,
          "restitution": 0,
          "density": 1,
          "angle": 0,
          "chamfer": { "radius": 10 },
          "tag": "#9a7742"
        }
      },
      "display-data": {
        "src": "/assets/environment/crate2.svg",
        "dimensions": {
          "width": 450,
          "height": 450
        },
        "offset": {
          "x": 0,
          "y": 0,
          "angle": 180
        },
        "layer": 1
      }
    },
    {
      "body-data": {
        "position": {
          "x": 4615, 
          "y": 6964
        },
        "type": "rectangle",
        "dimensions": {
          "width": 430,
          "height": 430
        },
        "options": {
          "isStatic": true,
          "friction": 1,
          "restitution": 0,
          "density": 1,
          "angle": 0,
          "chamfer": { "radius": 10 },
          "tag": "#9a7742"
        }
      },
      "display-data": {
        "src": "/assets/environment/crate2.svg",
        "dimensions": {
          "width": 450,
          "height": 450
        },
        "offset": {
          "x": 0,
          "y": 0,
          "angle": 90
        },
        "layer": 1
      }
    },
    {
      "body-data": {
        "position": {
          "x": 375, 
          "y": 1013.65
        },
        "type": "rectangle",
        "dimensions": {
          "width": 430,
          "height": 430
        },
        "options": {
          "isStatic": true,
          "friction": 1,
          "restitution": 0,
          "density": 1,
          "angle": 0,
          "chamfer": { "radius": 10 },
          "tag": "#9a7742"
        }
      },
      "display-data": {
        "src": "/assets/environment/crate2.svg",
        "dimensions": {
          "width": 450,
          "height": 450
        },
        "offset": {
          "x": 0,
          "y": 0,
          "angle": 0
        },
        "layer": 1
      }
    },
    {
      "body-data": {
        "position": {
          "x": 375, 
          "y": 2213.65
        },
        "type": "rectangle",
        "dimensions": {
          "width": 430,
          "height": 430
        },
        "options": {
          "isStatic": true,
          "friction": 1,
          "restitution": 0,
          "density": 1,
          "angle": 0,
          "chamfer": { "radius": 10 },
          "tag": "#9a7742"
        }
      },
      "display-data": {
        "src": "/assets/environment/crate2.svg",
        "dimensions": {
          "width": 450,
          "height": 450
        },
        "offset": {
          "x": 0,
          "y": 0,
          "angle": 90
        },
        "layer": 1
      }
    },
    {
      "body-data": {
        "position": {
          "x": 965, 
          "y": 2815
        },
        "type": "rectangle",
        "dimensions": {
          "width": 430,
          "height": 430
        },
        "options": {
          "isStatic": true,
          "friction": 1,
          "restitution": 0,
          "density": 1,
          "angle": 0,
          "chamfer": { "radius": 10 },
          "tag": "#9a7742"
        }
      },
      "display-data": {
        "src": "/assets/environment/crate2.svg",
        "dimensions": {
          "width": 450,
          "height": 450
        },
        "offset": {
          "x": 0,
          "y": 0,
          "angle": 90
        },
        "layer": 1
      }
    },
    {
      "body-data": {
        "position": {
          "x": 3063.65, 
          "y": 965
        },
        "type": "rectangle",
        "dimensions": {
          "width": 430,
          "height": 430
        },
        "options": {
          "isStatic": true,
          "friction": 1,
          "restitution": 0,
          "density": 1,
          "angle": 0,
          "chamfer": { "radius": 10 },
          "tag": "#9a7742"
        }
      },
      "display-data": {
        "src": "/assets/environment/crate2.svg",
        "dimensions": {
          "width": 450,
          "height": 450
        },
        "offset": {
          "x": 0,
          "y": 0,
          "angle": 90
        },
        "layer": 1
      }
    },
    {
      "body-data": {
        "position": {
          "x": 1665, 
          "y": 3375
        },
        "type": "rectangle",
        "dimensions": {
          "width": 430,
          "height": 430
        },
        "options": {
          "isStatic": true,
          "friction": 1,
          "restitution": 0,
          "density": 1,
          "angle": 0,
          "chamfer": { "radius": 10 },
          "tag": "#9a7742"
        }
      },
      "display-data": {
        "src": "/assets/environment/crate2.svg",
        "dimensions": {
          "width": 450,
          "height": 450
        },
        "offset": {
          "x": 0,
          "y": 0,
          "angle": 0
        },
        "layer": 1
      }
    },
    {
      "body-data": {
        "position": {
          "x": 965, 
          "y": 4215
        },
        "type": "rectangle",
        "dimensions": {
          "width": 430,
          "height": 430
        },
        "options": {
          "isStatic": true,
          "friction": 1,
          "restitution": 0,
          "density": 1,
          "angle": 0,
          "chamfer": { "radius": 10 },
          "tag": "#9a7742"
        }
      },
      "display-data": {
        "src": "/assets/environment/crate2.svg",
        "dimensions": {
          "width": 450,
          "height": 450
        },
        "offset": {
          "x": 0,
          "y": 0,
          "angle": 270
        },
        "layer": 1
      }
    },
    {
      "body-data": {
        "position": {
          "x": 3599, 
          "y": 2815
        },
        "type": "rectangle",
        "dimensions": {
          "width": 430,
          "height": 430
        },
        "options": {
          "isStatic": true,
          "friction": 1,
          "restitution": 0,
          "density": 1,
          "angle": 0,
          "chamfer": { "radius": 10 },
          "tag": "#9a7742"
        }
      },
      "display-data": {
        "src": "/assets/environment/crate2.svg",
        "dimensions": {
          "width": 450,
          "height": 450
        },
        "offset": {
          "x": 0,
          "y": 0,
          "angle": 90
        },
        "layer": 1
      }
    },
    {
      "body-data": {
        "position": {
          "x": 4879, 
          "y": 2760
        },
        "type": "rectangle",
        "dimensions": {
          "width": 430,
          "height": 430
        },
        "options": {
          "isStatic": true,
          "friction": 1,
          "restitution": 0,
          "density": 1,
          "angle": 0,
          "chamfer": { "radius": 10 },
          "tag": "#9a7742"
        }
      },
      "display-data": {
        "src": "/assets/environment/crate2.svg",
        "dimensions": {
          "width": 450,
          "height": 450
        },
        "offset": {
          "x": 0,
          "y": 0,
          "angle": 0
        },
        "layer": 1
      }
    },
    {
      "body-data": {
        "position": {
          "x": 5935, 
          "y": 4015
        },
        "type": "rectangle",
        "dimensions": {
          "width": 430,
          "height": 430
        },
        "options": {
          "isStatic": true,
          "friction": 1,
          "restitution": 0,
          "density": 1,
          "angle": 0,
          "chamfer": { "radius": 10 },
          "tag": "#9a7742"
        }
      },
      "display-data": {
        "src": "/assets/environment/crate2.svg",
        "dimensions": {
          "width": 450,
          "height": 450
        },
        "offset": {
          "x": 0,
          "y": 0,
          "angle": 180
        },
        "layer": 1
      }
    },
    {
      "body-data": {
        "position": {
          "x": 3875, 
          "y": 5213.65
        },
        "type": "rectangle",
        "dimensions": {
          "width": 430,
          "height": 430
        },
        "options": {
          "isStatic": true,
          "friction": 1,
          "restitution": 0,
          "density": 1,
          "angle": 0,
          "chamfer": { "radius": 10 },
          "tag": "#9a7742"
        }
      },
      "display-data": {
        "src": "/assets/environment/crate2.svg",
        "dimensions": {
          "width": 450,
          "height": 450
        },
        "offset": {
          "x": 0,
          "y": 0,
          "angle": 270
        },
        "layer": 1
      }
    },
    {
      "body-data": {
        "position": {
          "x": 800, 
          "y": 6563.8
        },
        "type": "rectangle",
        "dimensions": {
          "width": 430,
          "height": 430
        },
        "options": {
          "isStatic": true,
          "friction": 1,
          "restitution": 0,
          "density": 1,
          "angle": 0,
          "chamfer": { "radius": 10 },
          "tag": "#9a7742"
        }
      },
      "display-data": {
        "src": "/assets/environment/crate2.svg",
        "dimensions": {
          "width": 450,
          "height": 450
        },
        "offset": {
          "x": 0,
          "y": 0,
          "angle": 0
        },
        "layer": 1
      }
    },
    {
      "body-data": {
        "position": {
          "x": 999, 
          "y": 6963.8
        },
        "type": "rectangle",
        "dimensions": {
          "width": 430,
          "height": 430
        },
        "options": {
          "isStatic": true,
          "friction": 1,
          "restitution": 0,
          "density": 1,
          "angle": 0,
          "chamfer": { "radius": 10 },
          "tag": "#9a7742"
        }
      },
      "display-data": {
        "src": "/assets/environment/crate2.svg",
        "dimensions": {
          "width": 450,
          "height": 450
        },
        "offset": {
          "x": 0,
          "y": 0,
          "angle": 0
        },
        "layer": 1
      }
    },
    {
      "body-data": {
        "position": {
          "x": 6950, 
          "y": 6714
        },
        "type": "rectangle",
        "dimensions": {
          "width": 430,
          "height": 430
        },
        "options": {
          "isStatic": true,
          "friction": 1,
          "restitution": 0,
          "density": 1,
          "angle": 0,
          "chamfer": { "radius": 10 },
          "tag": "#9a7742"
        }
      },
      "display-data": {
        "src": "/assets/environment/crate2.svg",
        "dimensions": {
          "width": 450,
          "height": 450
        },
        "offset": {
          "x": 0,
          "y": 0,
          "angle": 180
        },
        "layer": 1
      }
    },
    {
      "body-data": {
        "position": {
          "x": 7448.65, 
          "y": 215
        },
        "type": "rectangle",
        "dimensions": {
          "width": 430,
          "height": 430
        },
        "options": {
          "isStatic": true,
          "friction": 1,
          "restitution": 0,
          "density": 1,
          "angle": 0,
          "chamfer": { "radius": 10 },
          "tag": "#9a7742"
        }
      },
      "display-data": {
        "src": "/assets/environment/crate2.svg",
        "dimensions": {
          "width": 450,
          "height": 450
        },
        "offset": {
          "x": 0,
          "y": 0,
          "angle": 180
        },
        "layer": 1
      }
    },
    {
      "body-data": {
        "position": {
          "x": 300,
          "y": 1338.65
        },
        "type": "rectangle",
        "dimensions": {
          "width": 280,
          "height": 280
        },
        "options": {
          "isStatic": true,
          "friction": 1,
          "restitution": 0,
          "density": 1,
          "angle": 0,
          "chamfer": { "radius": 10 },
          "tag": "#9a7742"
        }
      },
      "display-data": {
        "src": "/assets/environment/crate1.svg",
        "dimensions": {
          "width": 300,
          "height": 300
        },
        "offset": {
          "x": 0,
          "y": 0,
          "angle": 90
        },
        "layer": 1
      }
    },
    {
      "body-data": {
        "position": {
          "x": 1858.65,
          "y": 938.65
        },
        "type": "rectangle",
        "dimensions": {
          "width": 280,
          "height": 280
        },
        "options": {
          "isStatic": true,
          "friction": 1,
          "restitution": 0,
          "density": 1,
          "angle": 0,
          "chamfer": { "radius": 10 },
          "tag": "#9a7742"
        }
      },
      "display-data": {
        "src": "/assets/environment/crate1.svg",
        "dimensions": {
          "width": 300,
          "height": 300
        },
        "offset": {
          "x": 0,
          "y": 0,
          "angle": 0
        },
        "layer": 1
      }
    },
    {
      "body-data": {
        "position": {
          "x": 1340,
          "y": 3302.195
        },
        "type": "rectangle",
        "dimensions": {
          "width": 280,
          "height": 280
        },
        "options": {
          "isStatic": true,
          "friction": 1,
          "restitution": 0,
          "density": 1,
          "angle": 0,
          "chamfer": { "radius": 10 },
          "tag": "#9a7742"
        }
      },
      "display-data": {
        "src": "/assets/environment/crate1.svg",
        "dimensions": {
          "width": 300,
          "height": 300
        },
        "offset": {
          "x": 0,
          "y": 0,
          "angle": 180
        },
        "layer": 1
      }
    },
    {
      "body-data": {
        "position": {
          "x": 1990,
          "y": 3300
        },
        "type": "rectangle",
        "dimensions": {
          "width": 280,
          "height": 280
        },
        "options": {
          "isStatic": true,
          "friction": 1,
          "restitution": 0,
          "density": 1,
          "angle": 0,
          "chamfer": { "radius": 10 },
          "tag": "#9a7742"
        }
      },
      "display-data": {
        "src": "/assets/environment/crate1.svg",
        "dimensions": {
          "width": 300,
          "height": 300
        },
        "offset": {
          "x": 0,
          "y": 0,
          "angle": 270
        },
        "layer": 1
      }
    },
    {
      "body-data": {
        "position": {
          "x": 2240,
          "y": 2890
        },
        "type": "rectangle",
        "dimensions": {
          "width": 280,
          "height": 280
        },
        "options": {
          "isStatic": true,
          "friction": 1,
          "restitution": 0,
          "density": 1,
          "angle": 0,
          "chamfer": { "radius": 10 },
          "tag": "#9a7742"
        }
      },
      "display-data": {
        "src": "/assets/environment/crate1.svg",
        "dimensions": {
          "width": 300,
          "height": 300
        },
        "offset": {
          "x": 0,
          "y": 0,
          "angle": 0
        },
        "layer": 1
      }
    },
    {
      "body-data": {
        "position": {
          "x": 3674,
          "y": 2490
        },
        "type": "rectangle",
        "dimensions": {
          "width": 280,
          "height": 280
        },
        "options": {
          "isStatic": true,
          "friction": 1,
          "restitution": 0,
          "density": 1,
          "angle": 0,
          "chamfer": { "radius": 10 },
          "tag": "#9a7742"
        }
      },
      "display-data": {
        "src": "/assets/environment/crate1.svg",
        "dimensions": {
          "width": 300,
          "height": 300
        },
        "offset": {
          "x": 0,
          "y": 0,
          "angle": 180
        },
        "layer": 1
      }
    },
    {
      "body-data": {
        "position": {
          "x": 6963.65,
          "y": 890
        },
        "type": "rectangle",
        "dimensions": {
          "width": 280,
          "height": 280
        },
        "options": {
          "isStatic": true,
          "friction": 1,
          "restitution": 0,
          "density": 1,
          "angle": 0,
          "chamfer": { "radius": 10 },
          "tag": "#9a7742"
        }
      },
      "display-data": {
        "src": "/assets/environment/crate1.svg",
        "dimensions": {
          "width": 300,
          "height": 300
        },
        "offset": {
          "x": 0,
          "y": 0,
          "angle": 90
        },
        "layer": 1
      }
    },
    {
      "body-data": {
        "position": {
          "x": 7775,
          "y": 140
        },
        "type": "rectangle",
        "dimensions": {
          "width": 280,
          "height": 280
        },
        "options": {
          "isStatic": true,
          "friction": 1,
          "restitution": 0,
          "density": 1,
          "angle": 0,
          "chamfer": { "radius": 10 },
          "tag": "#9a7742"
        }
      },
      "display-data": {
        "src": "/assets/environment/crate1.svg",
        "dimensions": {
          "width": 300,
          "height": 300
        },
        "offset": {
          "x": 0,
          "y": 0,
          "angle": 0
        },
        "layer": 1
      }
    },
    {
      "body-data": {
        "position": {
          "x": 7440,
          "y": 1840
        },
        "type": "rectangle",
        "dimensions": {
          "width": 280,
          "height": 280
        },
        "options": {
          "isStatic": true,
          "friction": 1,
          "restitution": 0,
          "density": 1,
          "angle": 0,
          "chamfer": { "radius": 10 },
          "tag": "#9a7742"
        }
      },
      "display-data": {
        "src": "/assets/environment/crate1.svg",
        "dimensions": {
          "width": 300,
          "height": 300
        },
        "offset": {
          "x": 0,
          "y": 0,
          "angle": 270
        },
        "layer": 1
      }
    },
    {
      "body-data": {
        "position": {
          "x": 7025,
          "y": 3850
        },
        "type": "rectangle",
        "dimensions": {
          "width": 280,
          "height": 280
        },
        "options": {
          "isStatic": true,
          "friction": 1,
          "restitution": 0,
          "density": 1,
          "angle": 0,
          "chamfer": { "radius": 10 },
          "tag": "#9a7742"
        }
      },
      "display-data": {
        "src": "/assets/environment/crate1.svg",
        "dimensions": {
          "width": 300,
          "height": 300
        },
        "offset": {
          "x": 0,
          "y": 0,
          "angle": 90
        },
        "layer": 1
      }
    },
    {
      "body-data": {
        "position": {
          "x": 6010,
          "y": 3690
        },
        "type": "rectangle",
        "dimensions": {
          "width": 280,
          "height": 280
        },
        "options": {
          "isStatic": true,
          "friction": 1,
          "restitution": 0,
          "density": 1,
          "angle": 0,
          "chamfer": { "radius": 10 },
          "tag": "#9a7742"
        }
      },
      "display-data": {
        "src": "/assets/environment/crate1.svg",
        "dimensions": {
          "width": 300,
          "height": 300
        },
        "offset": {
          "x": 0,
          "y": 0,
          "angle": 0
        },
        "layer": 1
      }
    },
    {
      "body-data": {
        "position": {
          "x": 3040,
          "y": 4090
        },
        "type": "rectangle",
        "dimensions": {
          "width": 280,
          "height": 280
        },
        "options": {
          "isStatic": true,
          "friction": 1,
          "restitution": 0,
          "density": 1,
          "angle": 0,
          "chamfer": { "radius": 10 },
          "tag": "#9a7742"
        }
      },
      "display-data": {
        "src": "/assets/environment/crate1.svg",
        "dimensions": {
          "width": 300,
          "height": 300
        },
        "offset": {
          "x": 0,
          "y": 0,
          "angle": 180
        },
        "layer": 1
      }
    },
    {
      "body-data": {
        "position": {
          "x": 2290,
          "y": 4888.65
        },
        "type": "rectangle",
        "dimensions": {
          "width": 280,
          "height": 280
        },
        "options": {
          "isStatic": true,
          "friction": 1,
          "restitution": 0,
          "density": 1,
          "angle": 0,
          "chamfer": { "radius": 10 },
          "tag": "#9a7742"
        }
      },
      "display-data": {
        "src": "/assets/environment/crate1.svg",
        "dimensions": {
          "width": 300,
          "height": 300
        },
        "offset": {
          "x": 0,
          "y": 0,
          "angle": 90
        },
        "layer": 1
      }
    },

    {
      "body-data": {
        "position": {
          "x": 7025,
          "y": 6389
        },
        "type": "rectangle",
        "dimensions": {
          "width": 280,
          "height": 280
        },
        "options": {
          "isStatic": true,
          "friction": 1,
          "restitution": 0,
          "density": 1,
          "angle": 0,
          "chamfer": { "radius": 10 },
          "tag": "#9a7742"
        }
      },
      "display-data": {
        "src": "/assets/environment/crate1.svg",
        "dimensions": {
          "width": 300,
          "height": 300
        },
        "offset": {
          "x": 0,
          "y": 0,
          "angle": 180
        },
        "layer": 1
      }
    },
    {
      "body-data": {
        "position": {
          "x": 6770,
          "y": 7039
        },
        "type": "rectangle",
        "dimensions": {
          "width": 280,
          "height": 280
        },
        "options": {
          "isStatic": true,
          "friction": 1,
          "restitution": 0,
          "density": 1,
          "angle": 0,
          "chamfer": { "radius": 10 },
          "tag": "#9a7742"
        }
      },
      "display-data": {
        "src": "/assets/environment/crate1.svg",
        "dimensions": {
          "width": 300,
          "height": 300
        },
        "offset": {
          "x": 0,
          "y": 0,
          "angle": 90
        },
        "layer": 1
      }
    },
    {
      "body-data": {
        "position": {
          "x": 7020,
          "y": 7039
        },
        "type": "rectangle",
        "dimensions": {
          "width": 280,
          "height": 280
        },
        "options": {
          "isStatic": true,
          "friction": 1,
          "restitution": 0,
          "density": 1,
          "angle": 0,
          "chamfer": { "radius": 10 },
          "tag": "#9a7742"
        }
      },
      "display-data": {
        "src": "/assets/environment/crate1.svg",
        "dimensions": {
          "width": 300,
          "height": 300
        },
        "offset": {
          "x": 0,
          "y": 0,
          "angle": 0
        },
        "layer": 1
      }
    },
    {
      "body-data": {
        "position": {
          "x": 4440,
          "y": 6639.01
        },
        "type": "rectangle",
        "dimensions": {
          "width": 280,
          "height": 280
        },
        "options": {
          "isStatic": true,
          "friction": 1,
          "restitution": 0,
          "density": 1,
          "angle": 0,
          "chamfer": { "radius": 10 },
          "tag": "#9a7742"
        }
      },
      "display-data": {
        "src": "/assets/environment/crate1.svg",
        "dimensions": {
          "width": 300,
          "height": 300
        },
        "offset": {
          "x": 0,
          "y": 0,
          "angle": 90
        },
        "layer": 1
      }
    },
    {
      "body-data": {
        "position": {
          "x": 4940,
          "y": 7039
        },
        "type": "rectangle",
        "dimensions": {
          "width": 280,
          "height": 280
        },
        "options": {
          "isStatic": true,
          "friction": 1,
          "restitution": 0,
          "density": 1,
          "angle": 0,
          "chamfer": { "radius": 10 },
          "tag": "#9a7742"
        }
      },
      "display-data": {
        "src": "/assets/environment/crate1.svg",
        "dimensions": {
          "width": 300,
          "height": 300
        },
        "offset": {
          "x": 0,
          "y": 0,
          "angle": 0
        },
        "layer": 1
      }
    },
    {
      "body-data": {
        "position": {
          "x": 2040,
          "y": 6020
        },
        "type": "rectangle",
        "dimensions": {
          "width": 280,
          "height": 280
        },
        "options": {
          "isStatic": true,
          "friction": 1,
          "restitution": 0,
          "density": 1,
          "angle": 0,
          "chamfer": { "radius": 10 },
          "tag": "#9a7742"
        }
      },
      "display-data": {
        "src": "/assets/environment/crate1.svg",
        "dimensions": {
          "width": 300,
          "height": 300
        },
        "offset": {
          "x": 0,
          "y": 0,
          "angle": 180
        },
        "layer": 1
      }
    },
    {
      "body-data": {
        "position": {
          "x": 1323,
          "y": 7038.475
        },
        "type": "rectangle",
        "dimensions": {
          "width": 280,
          "height": 280
        },
        "options": {
          "isStatic": true,
          "friction": 1,
          "restitution": 0,
          "density": 1,
          "angle": 0,
          "chamfer": { "radius": 10 },
          "tag": "#9a7742"
        }
      },
      "display-data": {
        "src": "/assets/environment/crate1.svg",
        "dimensions": {
          "width": 300,
          "height": 300
        },
        "offset": {
          "x": 0,
          "y": 0,
          "angle": 180
        },
        "layer": 1
      }
    },
    {
      "body-data": {
        "position": {
          "x": 400,
          "y": 5312
        },
        "type": "circle",
        "radius": 180,
        "options": {
          "isStatic": true,
          "friction": 1,
          "restitution": 0,
          "density": 1,
          "angle": 0,

          "tag": "#a17756"
        }
      },
      "display-data": {
        "src": "/assets/environment/tree.svg",
        "dimensions": {
          "width": 1000,
          "height": 1000
        },
        "offset": {
          "x": 0,
          "y": 0,
          "angle": 70
        },
        "layer": 1
      }
    },
    {
      "body-data": {
        "position": {
          "x": 7400,
          "y": 6664
        },
        "type": "circle",
        "radius": 180,
        "options": {
          "isStatic": true,
          "friction": 1,
          "restitution": 0,
          "density": 1,
          "angle": 0,

          "tag": "#a17756"
        }
      },
      "display-data": {
        "src": "/assets/environment/tree.svg",
        "dimensions": {
          "width": 1000,
          "height": 1000
        },
        "offset": {
          "x": 0,
          "y": 0,
          "angle": 70
        },
        "layer": 1
      }
    },
    {
      "body-data": {
        "position": {
          "x": 7500,
          "y": 1405
        },
        "type": "circle",
        "radius": 180,
        "options": {
          "isStatic": true,
          "friction": 1,
          "restitution": 0,
          "density": 1,
          "angle": 0,

          "tag": "#a17756"
        }
      },
      "display-data": {
        "src": "/assets/environment/tree.svg",
        "dimensions": {
          "width": 1000,
          "height": 1000
        },
        "offset": {
          "x": 0,
          "y": 0,
          "angle": 70
        },
        "layer": 1
      }
    },
    {
      "body-data": {
        "position": {
          "x": 7600,
          "y": 600
        },
        "type": "circle",
        "radius": 180,
        "options": {
          "isStatic": true,
          "friction": 1,
          "restitution": 0,
          "density": 1,
          "angle": 0,

          "tag": "#a17756"
        }
      },
      "display-data": {
        "src": "/assets/environment/tree.svg",
        "dimensions": {
          "width": 1000,
          "height": 1000
        },
        "offset": {
          "x": 0,
          "y": 0,
          "angle": 20
        },
        "layer": 1
      }
    },
    {
      "body-data": {
        "position": {
          "x": 2960,
          "y": 7700
        },
        "type": "circle",
        "radius": 180,
        "options": {
          "isStatic": true,
          "friction": 1,
          "restitution": 0,
          "density": 1,
          "angle": 0,

          "tag": "#a17756"
        }
      },
      "display-data": {
        "src": "/assets/environment/tree.svg",
        "dimensions": {
          "width": 1000,
          "height": 1000
        },
        "offset": {
          "x": 0,
          "y": 0,
          "angle": 140
        },
        "layer": 1
      }
    },
    {
      "body-data": {
        "position": {
          "x": 550,
          "y": 6490
        },
        "type": "circle",
        "radius": 180,
        "options": {
          "isStatic": true,
          "friction": 1,
          "restitution": 0,
          "density": 1,
          "angle": 0,

          "tag": "#a17756"
        }
      },
      "display-data": {
        "src": "/assets/environment/tree.svg",
        "dimensions": {
          "width": 1000,
          "height": 1000
        },
        "offset": {
          "x": 0,
          "y": 0,
          "angle": 320
        },
        "layer": 1
      }
    },
    {
      "body-data": {
        "position": {
          "x": 450,
          "y": 6970
        },
        "type": "circle",
        "radius": 180,
        "options": {
          "isStatic": true,
          "friction": 1,
          "restitution": 0,
          "density": 1,
          "angle": 0,

          "tag": "#a17756"
        }
      },
      "display-data": {
        "src": "/assets/environment/tree.svg",
        "dimensions": {
          "width": 1000,
          "height": 1000
        },
        "offset": {
          "x": 0,
          "y": 0,
          "angle": 10
        },
        "layer": 1
      }
    },
    {
      "body-data": {
        "position": {
          "x": -50,
          "y": 3964.5
        },
        "type": "rectangle",
        "dimensions": {
          "width": 110,
          "height": 7929
        },
        "options": {
          "isStatic": true,
          "friction": 1,
          "restitution": 0,
          "density": 1,
          "angle": 0,
          "tag": "none"
        }
      },
      "display-data": {
        "src": "/assets/misc/blank.svg",
        "dimensions": {
          "width": 0,
          "height": 7929
        },
        "offset": {
          "x": 0,
          "y": 0,
          "angle": 0
        },
        "layer": 1
      }
    },
    {
      "body-data": {
        "position": {
          "x": 7965,
          "y": 3964.5
        },
        "type": "rectangle",
        "dimensions": {
          "width": 110,
          "height": 7929
        },
        "options": {
          "isStatic": true,
          "friction": 1,
          "restitution": 0,
          "density": 1,
          "angle": 0,
          "tag": "none"
        }
      },
      "display-data": {
        "src": "/assets/misc/blank.svg",
        "dimensions": {
          "width": 0,
          "height": 0
        },
        "offset": {
          "x": 0,
          "y": 0,
          "angle": 0
        },
        "layer": 1
      }
    },
    {
      "body-data": {
        "position": {
          "x": 3957.5,
          "y": -50
        },
        "type": "rectangle",
        "dimensions": {
          "width": 7915,
          "height": 110
        },
        "options": {
          "isStatic": true,
          "friction": 1,
          "restitution": 0,
          "density": 1,
          "angle": 0,
          "tag": "none"
        }
      },
      "display-data": {
        "src": "/assets/misc/blank.svg",
        "dimensions": {
          "width": 0,
          "height": 0
        },
        "offset": {
          "x": 0,
          "y": 0,
          "angle": 0
        },
        "layer": 1
      }
    },
    {
      "body-data": {
        "position": {
          "x": 3957.5,
          "y": 7979
        },
        "type": "rectangle",
        "dimensions": {
          "width": 7915,
          "height": 110
        },
        "options": {
          "isStatic": true,
          "friction": 1,
          "restitution": 0,
          "density": 1,
          "angle": 0,
          "tag": "none"
        }
      },
      "display-data": {
        "src": "/assets/misc/blank.svg",
        "dimensions": {
          "width": 0,
          "height": 0
        },
        "offset": {
          "x": 0,
          "y": 0,
          "angle": 0
        },
        "layer": 1
      }
    }
  ]
}