{
  "config": {
    "map-name": "hp_freight",
    "gamemode": "hardpoint",
    "ground-colour": "#fcfcfc",
    "ground-image": "/assets/environment/hp_freight-backing.svg",
    "background-colour": "#9d9d9d",
    "map-dimensions": {
      "width": 5000,
      "height": 15000
    },
    "spawns": {
      "blue": [
        {
          "x": 2000,
          "y": 1500,
          "team": "blue"
        },
        {
          "x": 3000,
          "y": 1500,
          "team": "blue"
        }
      ],
      "red": [
        {
          "x": 3000,
          "y": 13500,
          "team": "red"
        },
        {
          "x": 2000,
          "y": 13500,
          "team": "red"
        }
      ]
    },
    "point": {
      "position": {
        "x": 2500,
        "y": 7500
      }
    }
  },
  "obstacles": [
    {
      "body-data": {
        "position": {
          "x": 455,
          "y": 3000
        },
        "type": "rectangle",
        "dimensions": {
          "width": 910,
          "height": 1790
        },
        "options": {
          "isStatic": true,
          "friction": 1,
          "restitution": 0,
          "chamfer": { "radius": 10 },
          "density": 1,
          "angle": 0,
          "tag": "#5c89d0"
        }
      },
      "display-data": {
        "src": "/assets/environment/container-blue.svg",
        "dimensions": {
          "width": 1000,
          "height": 1880
        },
        "offset": {
          "x": 0,
          "y": 0,
          "angle": 0
        },
        "layer": 1
      }
    },
    {
      "body-data": {
        "position": {
          "x": 2500,
          "y": 3000
        },
        "type": "rectangle",
        "dimensions": {
          "width": 910,
          "height": 1790
        },
        "options": {
          "isStatic": true,
          "friction": 1,
          "restitution": 0,
          "chamfer": { "radius": 10 },
          "density": 1,
          "angle": 0,
          "tag": "#e0c44a"
        }
      },
      "display-data": {
        "src": "/assets/environment/container-yellow.svg",
        "dimensions": {
          "width": 1000,
          "height": 1880
        },
        "offset": {
          "x": 0,
          "y": 0,
          "angle": 0
        },
        "layer": 1
      }
    },
    {
      "body-data": {
        "position": {
          "x": 4545,
          "y": 3000
        },
        "type": "rectangle",
        "dimensions": {
          "width": 910,
          "height": 1790
        },
        "options": {
          "isStatic": true,
          "friction": 1,
          "restitution": 0,
          "chamfer": { "radius": 10 },
          "density": 1,
          "angle": 0,
          "tag": "#e0574a"
        }
      },
      "display-data": {
        "src": "/assets/environment/container-red.svg",
        "dimensions": {
          "width": 1000,
          "height": 1880
        },
        "offset": {
          "x": 0,
          "y": 0,
          "angle": 0
        },
        "layer": 1
      }
    },
    {
      "body-data": {
        "position": {
          "x": 2500,
          "y": 5250
        },
        "type": "rectangle",
        "dimensions": {
          "width": 910,
          "height": 1790
        },
        "options": {
          "isStatic": true,
          "friction": 1,
          "restitution": 0,
          "chamfer": { "radius": 10 },
          "density": 1,
          "angle": 1.57079632679,
          "tag": "#5c89d0"
        }
      },
      "display-data": {
        "src": "/assets/environment/container-blue.svg",
        "dimensions": {
          "width": 1000,
          "height": 1880
        },
        "offset": {
          "x": 0,
          "y": 0,
          "angle": 90
        },
        "layer": 1
      }
    },
    {
      "body-data": {
        "position": {
          "x": 455,
          "y": 12000
        },
        "type": "rectangle",
        "dimensions": {
          "width": 910,
          "height": 1790
        },
        "options": {
          "isStatic": true,
          "friction": 1,
          "restitution": 0,
          "chamfer": { "radius": 10 },
          "density": 1,
          "angle": 0,
          "tag": "#e0574a"
        }
      },
      "display-data": {
        "src": "/assets/environment/container-red.svg",
        "dimensions": {
          "width": 1000,
          "height": 1880
        },
        "offset": {
          "x": 0,
          "y": 0,
          "angle": 0
        },
        "layer": 1
      }
    },
    {
      "body-data": {
        "position": {
          "x": 2500,
          "y": 12000
        },
        "type": "rectangle",
        "dimensions": {
          "width": 910,
          "height": 1790
        },
        "options": {
          "isStatic": true,
          "friction": 1,
          "restitution": 0,
          "chamfer": { "radius": 10 },
          "density": 1,
          "angle": 0,
          "tag": "#e0c44a"
        }
      },
      "display-data": {
        "src": "/assets/environment/container-yellow.svg",
        "dimensions": {
          "width": 1000,
          "height": 1880
        },
        "offset": {
          "x": 0,
          "y": 0,
          "angle": 0
        },
        "layer": 1
      }
    },
    {
      "body-data": {
        "position": {
          "x": 4545,
          "y": 12000
        },
        "type": "rectangle",
        "dimensions": {
          "width": 910,
          "height": 1790
        },
        "options": {
          "isStatic": true,
          "friction": 1,
          "restitution": 0,
          "chamfer": { "radius": 10 },
          "density": 1,
          "angle": 0,
          "tag": "#5c89d0"
        }
      },
      "display-data": {
        "src": "/assets/environment/container-blue.svg",
        "dimensions": {
          "width": 1000,
          "height": 1880
        },
        "offset": {
          "x": 0,
          "y": 0,
          "angle": 0
        },
        "layer": 1
      }
    },
    {
      "body-data": {
        "position": {
          "x": 2500,
          "y": 9750
        },
        "type": "rectangle",
        "dimensions": {
          "width": 910,
          "height": 1790
        },
        "options": {
          "isStatic": true,
          "friction": 1,
          "restitution": 0,
          "chamfer": { "radius": 10 },
          "density": 1,
          "angle": 1.57079632679,
          "tag": "#e0574a"
        }
      },
      "display-data": {
        "src": "/assets/environment/container-red.svg",
        "dimensions": {
          "width": 1000,
          "height": 1880
        },
        "offset": {
          "x": 0,
          "y": 0,
          "angle": 90
        },
        "layer": 1
      }
    },

    {
      "body-data": {
        "position": {
          "x": 2500,
          "y": 7500
        },
        "type": "rectangle",
        "dimensions": {
          "width": 880,
          "height": 730
        },
        "options": {
          "isStatic": true,
          "friction": 1,
          "restitution": 0,
          "chamfer": { "radius": 120 },
          "density": 1,
          "angle": 0,
          "tag": "#9c9c9c"
        }
      },
      "display-data": {
        "src": "/assets/environment/ibc.svg",
        "dimensions": {
          "width": 900,
          "height": 750
        },
        "offset": {
          "x": 0,
          "y": 0,
          "angle": 0
        },
        "layer": 1
      }
    },
    {
      "body-data": {
        "position": {
          "x": 400,
          "y": 4060
        },
        "type": "circle",
        "radius": 192.5,
        "options": {
          "isStatic": true,
          "friction": 1,
          "restitution": 0,
          "density": 1,
          "angle": 0,
          "tag": "#4d7e5f"
        }
      },
      "display-data": {
        "src": "/assets/environment/toxic-barrel-green.svg",
        "dimensions": {
          "width": 490,
          "height": 490
        },
        "offset": {
          "x": 0,
          "y": 0,
          "angle": 0
        },
        "layer": 1
      }
    },
    {
      "body-data": {
        "position": {
          "x": 192.5,
          "y": 4350
        },
        "type": "circle",
        "radius": 192.5,
        "options": {
          "isStatic": true,
          "friction": 1,
          "restitution": 0,
          "density": 1,
          "angle": 0,
          "tag": "#baa64c"
        }
      },
      "display-data": {
        "src": "/assets/environment/toxic-barrel-yellow.svg",
        "dimensions": {
          "width": 490,
          "height": 490
        },
        "offset": {
          "x": 0,
          "y": 0,
          "angle": 130
        },
        "layer": 1
      }
    },
    {
      "body-data": {
        "position": {
          "x": 4600,
          "y": 4060
        },
        "type": "circle",
        "radius": 192.5,
        "options": {
          "isStatic": true,
          "friction": 1,
          "restitution": 0,
          "density": 1,
          "angle": 0,
          "tag": "#4d7e5f"
        }
      },
      "display-data": {
        "src": "/assets/environment/toxic-barrel-green.svg",
        "dimensions": {
          "width": 490,
          "height": 490
        },
        "offset": {
          "x": 0,
          "y": 0,
          "angle": 0
        },
        "layer": 1
      }
    },
    {
      "body-data": {
        "position": {
          "x": 4807.5,
          "y": 4350
        },
        "type": "circle",
        "radius": 192.5,
        "options": {
          "isStatic": true,
          "friction": 1,
          "restitution": 0,
          "density": 1,
          "angle": 0,
          "tag": "#4d7e5f"
        }
      },
      "display-data": {
        "src": "/assets/environment/toxic-barrel-green.svg",
        "dimensions": {
          "width": 490,
          "height": 490
        },
        "offset": {
          "x": 0,
          "y": 0,
          "angle": 130
        },
        "layer": 1
      }
    },
    {
      "body-data": {
        "position": {
          "x": 287.5,
          "y": 5500
        },
        "type": "circle",
        "radius": 287.5,
        "options": {
          "isStatic": true,
          "friction": 1,
          "restitution": 0,
          "density": 1,
          "angle": 0,
          "tag": "#a66d3f"
        }
      },
      "display-data": {
        "src": "/assets/environment/spool.svg",
        "dimensions": {
          "width": 590,
          "height": 590
        },
        "offset": {
          "x": 0,
          "y": 0,
          "angle": 130
        },
        "layer": 1
      }
    },



    {
      "body-data": {
        "position": {
          "x": 1500,
          "y": 1500
        },
        "type": "rectangle",
        "dimensions": {
          "width": 1680,
          "height": 1380
        },
        "options": {
          "isStatic": true,
          "friction": 1,
          "restitution": 0,
          "density": 1,
          "angle": 0,
          "chamfer": { "radius": 50 },
          "tag": "#958575"
        }
      },
      "display-data": {
        "src": "/assets/environment/industrialbuilding1.svg",
        "dimensions": {
          "width": 1780,
          "height": 1480
        },
        "offset": {
          "x": 0,
          "y": 0,
          "angle": 0
        },
        "layer": 1
      }
    },



    {
      "body-data": {
        "position": {
          "x": -50,
          "y": 7500
        },
        "type": "rectangle",
        "dimensions": {
          "width": 110,
          "height": 15100
        },
        "options": {
          "isStatic": true,
          "friction": 1,
          "restitution": 0,
          "density": 1,
          "angle": 0,
          "tag": "none"
        }
      },
      "display-data": {
        "src": "/assets/misc/blank.svg",
        "dimensions": {
          "width": 1,
          "height": 1
        },
        "offset": {
          "x": 0,
          "y": 0,
          "angle": 0
        },
        "layer": 1
      }
    },
    {
      "body-data": {
        "position": {
          "x": 5050,
          "y": 7500
        },
        "type": "rectangle",
        "dimensions": {
          "width": 110,
          "height": 15100
        },
        "options": {
          "isStatic": true,
          "friction": 1,
          "restitution": 0,
          "density": 1,
          "angle": 0,
          "tag": "none"
        }
      },
      "display-data": {
        "src": "/assets/misc/blank.svg",
        "dimensions": {
          "width": 1,
          "height": 1
        },
        "offset": {
          "x": 0,
          "y": 0,
          "angle": 0
        },
        "layer": 1
      }
    },
    {
      "body-data": {
        "position": {
          "x": 2500,
          "y": -50
        },
        "type": "rectangle",
        "dimensions": {
          "width": 5100,
          "height": 110
        },
        "options": {
          "isStatic": true,
          "friction": 1,
          "restitution": 0,
          "density": 1,
          "angle": 0,
          "tag": "none"
        }
      },
      "display-data": {
        "src": "/assets/misc/blank.svg",
        "dimensions": {
          "width": 1,
          "height": 1
        },
        "offset": {
          "x": 0,
          "y": 0,
          "angle": 0
        },
        "layer": 1
      }
    },
    {
      "body-data": {
        "position": {
          "x": 2500,
          "y": 15050
        },
        "type": "rectangle",
        "dimensions": {
          "width": 5100,
          "height": 110
        },
        "options": {
          "isStatic": true,
          "friction": 1,
          "restitution": 0,
          "density": 1,
          "angle": 0,
          "tag": "none"
        }
      },
      "display-data": {
        "src": "/assets/misc/blank.svg",
        "dimensions": {
          "width": 1,
          "height": 1
        },
        "offset": {
          "x": 0,
          "y": 0,
          "angle": 0
        },
        "layer": 1
      }
    }
  ]
}