{
  "weapons": [
    {
      "name": "SCAR-L",
      "type": "rifle",
      "magSize": 20,
      "view": 0,
      "fireDelay": 5,
      "spread": {
        "standing": 2.5,
        "moving": 10
      },
      "damage": 17,
      "bulletsPerShot": 1,
      "handPositions": [{ "x": -25, "y": -270 }, { "x": 25, "y": -120 }],
      "images": { "topdownSRC": "/assets/weapons/scar_topdown.svg", "lootSRC": "/assets/weapons/scar_loot.svg", "offset": { "x": 0, "y": -290 } },
      "reloadLength": 80,
      "roundsPerReload": "all",
      "playerDensity": 0.02,
      "sounds": {
        "fire": "/assets/audio/guns/scar_fire.mp3",
        "reload": "/assets/audio/guns/scar_reload.mp3"
      },
      "recoilImpulse": [
        {
          "x": 0,
          "y": 65
        },
        {
          "x": 0,
          "y": 65
        },
        {
          "x": 0,
          "y": 65
        }
      ],
      "lifeTime": 30
    },
    {
      "name": "Ballista",
      "type": "rifle",
      "magSize": 5,
      "view": 1200,
      "fireDelay": 95,
      "spread": {
        "standing": 0.5,
        "moving": 15
      },
      "damage": 70,
      "bulletsPerShot": 1,
      "handPositions": [{ "x": -25, "y": -300 }, { "x": 25, "y": -120 }],
      "images": { "topdownSRC": "/assets/weapons/ballista_topdown.svg", "lootSRC": "/assets/weapons/ballista_loot.svg", "offset": { "x": 0, "y": -390 } },
      "reloadLength": 150,
      "roundsPerReload": "all",
      "playerDensity": 0.022,          
      "sounds": {
        "fire": "/assets/audio/guns/ballista_fire.mp3",
        "reload": "/assets/audio/guns/ballista_reload.mp3"
      },
      "recoilImpulse": [
        {
          "x": 0,
          "y": 110
        },
        {
          "x": 0,
          "y": 110
        },
        {
          "x": 0,
          "y": 110
        }
      ],
      "lifeTime": 50
    },
    {
      "name": "SLP",
      "type": "shotgun",
      "magSize": 4,
      "view": 0,
      "fireDelay": 40,
      "spread": {
        "standing": 20,
        "moving": 24
      },
      "damage": 15,
      "bulletsPerShot": 5,
      "handPositions": [{ "x": -25, "y": -255 }, { "x": 25, "y": -120 }],
      "images": { "topdownSRC": "/assets/weapons/slp_topdown.svg", "lootSRC": "/assets/weapons/slp_loot.svg", "offset": { "x": 0, "y": -320 } },
      "reloadLength": 45,
      "roundsPerReload": 1,
      "playerDensity": 0.02,          
      "sounds": {
        "fire": "/assets/audio/guns/slp_fire.mp3",
        "reload": "/assets/audio/guns/slp_reload.mp3"
      },
      "recoilImpulse": [
        {
          "x": 0,
          "y": 60
        },
        {
          "x": 0,
          "y": 60
        },
        {
          "x": 0,
          "y": 60
        }
      ],
      "lifeTime": 25
    },
    {
      "name": "T509",
      "magSize": 12,
      "view": 0,
      "fireDelay": 9,
      "spread": {
        "standing": 1.5,
        "moving": 8
      },
      "damage": 25,
      "bulletsPerShot": 1,
      "handPositions": [{ "x": -30, "y": -115 }, { "x": 25, "y": -120 }],
      "images": { "topdownSRC": "/assets/weapons/509_topdown.svg", "lootSRC": "/assets/weapons/509_loot.svg", "offset": { "x": 0, "y": -335 } },
      "reloadLength": 70,
      "roundsPerReload": "all",
      "playerDensity": 0.018,          
      "sounds": {
        "fire": "/assets/audio/guns/509_fire.mp3",
        "reload": "/assets/audio/guns/509_reload.mp3"
      },
      "recoilImpulse": [
        {
          "x": 0,
          "y": 40
        },
        {
          "x": 0,
          "y": 40
        },
        {
          "x": 0,
          "y": 40
        }
      ],
      "lifeTime": 20
    },
    {
      "name": "Bayonet",
      "type": "melee",
      "view": 0,
      "fireDelay": 10,
      "damage": 55,
      "damageArea": {
        "position": {
          "x": 0,
          "y": -400
        },
        "radius": 200
      },
      "handPositions": [{ "x": -65, "y": -120 }, { "x": 65, "y": -120 }],
      "images": { "topdownSRC": "/assets/weapons/bayonet_topdown.svg", "lootSRC": "/assets/weapons/bayonet_loot.svg", "offset": { "x": 15, "y": -260 } },
      "reloadLength": 0,
      "roundsPerReload": "all",
      "playerDensity": 0.017,          
      "sounds": {
        "fire": "/assets/audio/guns/melee_fire.mp3",
        "reload": "/assets/audio/guns/509_reload.mp3"
      },
      "recoilImpulse": [
        {
          "x": -10,
          "y": 15
        },
        {
          "x": 0,
          "y": -100
        },
        {
          "x": 0,
          "y": -100
        }
      ],
      "lifeTime": 0
    },
    {
      "name": "Survival Knife",
      "type": "melee",
      "view": 0,
      "fireDelay": 10,
      "damage": 55,
      "damageArea": {
        "position": {
          "x": 0,
          "y": -400
        },
        "radius": 200
      },
      "handPositions": [{ "x": -65, "y": -120 }, { "x": 65, "y": -120 }],
      "images": { "topdownSRC": "/assets/weapons/knife_topdown.svg", "lootSRC": "/assets/weapons/knife_loot.svg", "offset": { "x": 15, "y": -260 } },
      "reloadLength": 0,
      "roundsPerReload": "all",
      "playerDensity": 0.017,          
      "sounds": {
        "fire": "/assets/audio/guns/melee_fire.mp3",
        "reload": "/assets/audio/guns/509_reload.mp3"
      },
      "recoilImpulse": [
        {
          "x": -10,
          "y": 15
        },
        {
          "x": 0,
          "y": -100
        },
        {
          "x": 0,
          "y": -100
        }
      ],
      "lifeTime": 0
    }
  ]
}